id,first_name,last_name,email
1,Marianne,Tebbe,mtebbe0@gmpg.org
2,Merrie,Durkin,mdurkin1@japanpost.jp
3,Parrnell,Gillan,pgillan2@elpais.com
4,Drucy,Geistbeck,dgeistbeck3@pbs.org
5,Florina,Kelle,fkelle4@shutterfly.com
6,Tam,Beert,tbeert5@eepurl.com
7,Florian,Meritt,fmeritt6@harvard.edu
8,Lenore,Mytton,lmytton7@wufoo.com
9,Mikkel,Ewer,mewer8@msu.edu
10,Bendite,Holdron,bholdron9@apache.org
11,Emmanuel,Staff,estaffa@netscape.com
12,Danice,Pearcehouse,dpearcehouseb@networkadvertising.org
13,Caitlin,Searl,csearlc@discovery.com
14,Baryram,Carbert,bcarbertd@sohu.com
15,Daveen,Gerardot,dgerardote@unicef.org
16,Rufe,Castello,rcastellof@google.co.jp
17,Leo,Scoles,lscolesg@deliciousdays.com
18,Isidor,Haverty,ihavertyh@berkeley.edu
19,Gino,Spurden,gspurdeni@google.cn
20,Timmy,Iannello,tiannelloj@ycombinator.com
21,Tish,Korda,tkordak@ifeng.com
22,Sandor,Wones,swonesl@etsy.com
23,Codi,Matthis,cmatthism@purevolume.com
24,Suzann,Terne,sternen@live.com
25,Saree,Minillo,sminilloo@cnet.com